pose,nose_x,nose_y,nose_z,nose_visibility,left_eye_inner_x,left_eye_inner_y,left_eye_inner_z,left_eye_inner_visibility,left_eye_x,left_eye_y,left_eye_z,left_eye_visibility,left_eye_outer_x,left_eye_outer_y,left_eye_outer_z,left_eye_outer_visibility,right_eye_inner_x,right_eye_inner_y,right_eye_inner_z,right_eye_inner_visibility,right_eye_x,right_eye_y,right_eye_z,right_eye_visibility,right_eye_outer_x,right_eye_outer_y,right_eye_outer_z,right_eye_outer_visibility,left_ear_x,left_ear_y,left_ear_z,left_ear_visibility,right_ear_x,right_ear_y,right_ear_z,right_ear_visibility,mouth_left_x,mouth_left_y,mouth_left_z,mouth_left_visibility,mouth_right_x,mouth_right_y,mouth_right_z,mouth_right_visibility,left_shoulder_x,left_shoulder_y,left_shoulder_z,left_shoulder_visibility,right_shoulder_x,right_shoulder_y,right_shoulder_z,right_shoulder_visibility,left_elbow_x,left_elbow_y,left_elbow_z,left_elbow_visibility,right_elbow_x,right_elbow_y,right_elbow_z,right_elbow_visibility,left_wrist_x,left_wrist_y,left_wrist_z,left_wrist_visibility,right_wrist_x,right_wrist_y,right_wrist_z,right_wrist_visibility,left_pinky_x,left_pinky_y,left_pinky_z,left_pinky_visibility,right_pinky_x,right_pinky_y,right_pinky_z,right_pinky_visibility,left_index_x,left_index_y,left_index_z,left_index_visibility,right_index_x,right_index_y,right_index_z,right_index_visibility,left_thumb_x,left_thumb_y,left_thumb_z,left_thumb_visibility,right_thumb_x,right_thumb_y,right_thumb_z,right_thumb_visibility,left_hip_x,left_hip_y,left_hip_z,left_hip_visibility,right_hip_x,right_hip_y,right_hip_z,right_hip_visibility,left_knee_x,left_knee_y,left_knee_z,left_knee_visibility,right_knee_x,right_knee_y,right_knee_z,right_knee_visibility,left_ankle_x,left_ankle_y,left_ankle_z,left_ankle_visibility,right_ankle_x,right_ankle_y,right_ankle_z,right_ankle_visibility,left_heel_x,left_heel_y,left_heel_z,left_heel_visibility,right_heel_x,right_heel_y,right_heel_z,right_heel_visibility,left_foot_index_x,left_foot_index_y,left_foot_index_z,left_foot_index_visibility,right_foot_index_x,right_foot_index_y,right_foot_index_z,right_foot_index_visibility,starting_cost,final_cost,resulting_cost,message_validation,sets_counter,reps_counter
0,0.43384331464767456,0.24533061683177948,-0.25205910205841064,0.9998904466629028,0.4489883780479431,0.22049254179000854,-0.25145190954208374,0.9998296499252319,0.4585191607475281,0.218932643532753,-0.25167208909988403,0.9998382925987244,0.4664985239505768,0.2168438881635666,-0.2518906593322754,0.9998862147331238,0.4285806715488434,0.22163377702236176,-0.2187279760837555,0.9998385906219482,0.4243728220462799,0.22183626890182495,-0.21853229403495789,0.9997604489326477,0.419749915599823,0.2224089354276657,-0.2184799611568451,0.9997363090515137,0.4829324781894684,0.22541949152946472,-0.1791078746318817,0.9999246001243591,0.42436617612838745,0.23024870455265045,-0.03133442625403404,0.9997183680534363,0.4520884156227112,0.2708559036254883,-0.2242150604724884,0.9999076128005981,0.42762136459350586,0.27195310592651367,-0.1801651567220688,0.9997677206993103,0.5424724817276001,0.3295876681804657,-0.20505991578102112,0.9999843239784241,0.41869616508483887,0.36578384041786194,0.1387769728899002,0.9985235929489136,0.6653603315353394,0.45636555552482605,-0.26231375336647034,0.9992888569831848,0.39479148387908936,0.5431525707244873,0.2770765721797943,0.392568439245224,0.6820908188819885,0.6392173767089844,-0.4080093801021576,0.9938831925392151,0.35517746210098267,0.6903430223464966,0.18483422696590424,0.6603763699531555,0.6927486658096313,0.6914607286453247,-0.45048412680625916,0.9865961670875549,0.34382230043411255,0.7353323101997375,0.172858327627182,0.643889844417572,0.6605455279350281,0.6881483793258667,-0.48330944776535034,0.9873815774917603,0.34601888060569763,0.7384588122367859,0.11252520978450775,0.655271589756012,0.6513994932174683,0.6727949380874634,-0.41111546754837036,0.9858621954917908,0.3547923266887665,0.7227297425270081,0.1577494889497757,0.6565877199172974,0.4893043637275696,0.7163046598434448,-0.11590103060007095,0.9960368275642395,0.41555410623550415,0.7157756686210632,0.11609778553247452,0.993111252784729,0.4531966745853424,0.9745535254478455,-0.21476590633392334,0.8747038245201111,0.3950786590576172,0.9525399804115295,0.11577168852090836,0.7399575114250183,0.49980059266090393,1.1864299774169922,0.060696352273225784,0.6467031836509705,0.43042731285095215,1.1775002479553223,0.3254348337650299,0.5355285406112671,0.5241163969039917,1.2080010175704956,0.08608535677194595,0.6168621778488159,0.4471360743045807,1.2074775695800781,0.3417032063007355,0.6160839796066284,0.4591400623321533,1.2848193645477295,-0.02854345180094242,0.49608343839645386,0.3958650231361389,1.2686504125595093,0.2313074767589569,0.45487353205680847,12.66,13.91,14.18,Wrong Position,0,0
1,0.41669806838035583,0.24422946572303772,-0.4034135937690735,0.9999876022338867,0.4307217597961426,0.21802249550819397,-0.3983679413795471,0.9999740123748779,0.43948373198509216,0.21709367632865906,-0.39862126111984253,0.9999783039093018,0.44724950194358826,0.21618890762329102,-0.3989720046520233,0.9999840259552002,0.41038236021995544,0.21973644196987152,-0.36973223090171814,0.9999557733535767,0.40481752157211304,0.21997171640396118,-0.3695087432861328,0.9999407529830933,0.40039271116256714,0.21981042623519897,-0.36953526735305786,0.9999302625656128,0.4645933508872986,0.22339977324008942,-0.29077067971229553,0.9999932050704956,0.4035467207431793,0.22966048121452332,-0.15998958051204681,0.9999274015426636,0.43385323882102966,0.2680608928203583,-0.35900527238845825,0.9999961853027344,0.40948671102523804,0.27077987790107727,-0.32103464007377625,0.9999834299087524,0.5148871541023254,0.3237800896167755,-0.30469515919685364,0.9999990463256836,0.4026881754398346,0.36401891708374023,0.10185632854700089,0.9996713399887085,0.6475944519042969,0.4483603239059448,-0.3357236981391907,0.999842643737793,0.38744160532951355,0.5446605086326599,0.28421977162361145,0.6554053425788879,0.6784985065460205,0.628654420375824,-0.47479796409606934,0.9989171028137207,0.3462308645248413,0.6988092660903931,0.1529548615217209,0.8575255274772644,0.6944493055343628,0.6775123476982117,-0.535033106803894,0.9957846999168396,0.3332023024559021,0.7485317587852478,0.14143992960453033,0.8316223621368408,0.6626687049865723,0.6868382692337036,-0.5711071491241455,0.9960587024688721,0.3336683511734009,0.75189208984375,0.06517209857702255,0.8454452753067017,0.6540188193321228,0.6784437298774719,-0.48706191778182983,0.9950745701789856,0.34152913093566895,0.7371940016746521,0.11916301399469376,0.8323248624801636,0.5037827491760254,0.7016966938972473,-0.11895068734884262,0.9992434978485107,0.4201281666755676,0.7042410969734192,0.11928384006023407,0.9967343807220459,0.4741344451904297,0.9646994471549988,-0.27679720520973206,0.7929050326347351,0.38465937972068787,0.9554762244224548,0.05725889652967453,0.4981919527053833,0.5063319802284241,1.1906825304031372,-0.008401168510317802,0.3739177882671356,0.42697495222091675,1.1629703044891357,0.35287320613861084,0.20046395063400269,0.5232946872711182,1.2121232748031616,0.010900062508881092,0.41471320390701294,0.44426804780960083,1.1889357566833496,0.3743138015270233,0.32058781385421753,0.4753773808479309,1.2889580726623535,-0.13680706918239594,0.22678175568580627,0.39749792218208313,1.2618231773376465,0.24350324273109436,0.14879970252513885,11.87,14.74,18.78,Wrong Position,1,0
1,0.4046770930290222,0.25931406021118164,-0.20972983539104462,0.999987781047821,0.41659536957740784,0.23218761384487152,-0.21357150375843048,0.9999741911888123,0.42388826608657837,0.22996217012405396,-0.21383611857891083,0.9999786019325256,0.43261900544166565,0.22704020142555237,-0.21410004794597626,0.9999840259552002,0.39971715211868286,0.23534226417541504,-0.1754063069820404,0.9999572038650513,0.395352303981781,0.23554350435733795,-0.17516103386878967,0.9999428987503052,0.3905636966228485,0.2361307144165039,-0.17516633868217468,0.9999322891235352,0.45495113730430603,0.23035019636154175,-0.15911132097244263,0.9999931454658508,0.3971398174762726,0.23958687484264374,0.015467911958694458,0.9999297261238098,0.42249709367752075,0.28131046891212463,-0.1851506382226944,0.9999959468841553,0.4032813608646393,0.2839753031730652,-0.13443027436733246,0.9999830722808838,0.5079060792922974,0.32873624563217163,-0.21246042847633362,0.9999990463256836,0.403024822473526,0.3649292588233948,0.21573761105537415,0.9996809959411621,0.6384917497634888,0.4567922055721283,-0.24335122108459473,0.9998255968093872,0.3906330168247223,0.5483910441398621,0.3439302444458008,0.6429668664932251,0.6767989993095398,0.6306336522102356,-0.32349783182144165,0.9988593459129333,0.3486185669898987,0.7069234848022461,0.21857216954231262,0.8495210409164429,0.6937019228935242,0.67861008644104,-0.37319058179855347,0.9956516623497009,0.33622294664382935,0.7545875906944275,0.20534348487854004,0.8234192728996277,0.6625717282295227,0.6892945766448975,-0.40028586983680725,0.995928943157196,0.3361448049545288,0.7572603821754456,0.1393253654241562,0.8376200795173645,0.6520999073982239,0.6785043478012085,-0.33202439546585083,0.994913637638092,0.3436926603317261,0.7423974275588989,0.18656499683856964,0.8252354860305786,0.48970961570739746,0.7081387639045715,-0.12163452059030533,0.9991436004638672,0.416878879070282,0.709858775138855,0.12196306139230728,0.9963184595108032,0.45999249815940857,0.9650925397872925,-0.23273853957653046,0.7730260491371155,0.38668692111968994,0.9521474838256836,0.0707211047410965,0.48090076446533203,0.4714318811893463,1.1999965906143188,-0.03862716257572174,0.358226478099823,0.40067481994628906,1.1676007509231567,0.27346372604370117,0.1891525387763977,0.49152159690856934,1.2324339151382446,-0.027383554726839066,0.399064838886261,0.41628414392471313,1.2023423910140991,0.28695496916770935,0.3079441487789154,0.4088830053806305,1.2892643213272095,-0.1644611358642578,0.21845045685768127,0.34775733947753906,1.2597967386245728,0.180166557431221,0.14167343080043793,11.87,14.74,17.22,Wrong Position,1,0
1,0.3985196650028229,0.2628699243068695,-0.17534811794757843,0.9999882578849792,0.40985506772994995,0.23514457046985626,-0.1781482994556427,0.9999749660491943,0.41742148995399475,0.23219527304172516,-0.17839951813220978,0.9999793171882629,0.42640405893325806,0.228890523314476,-0.17865848541259766,0.9999843835830688,0.3934229910373688,0.2389458864927292,-0.14122605323791504,0.999959409236908,0.38870924711227417,0.23946574330329895,-0.1409883201122284,0.9999459981918335,0.38383105397224426,0.23994660377502441,-0.14097099006175995,0.9999358057975769,0.4499322474002838,0.23200051486492157,-0.12459216266870499,0.9999932050704956,0.3915427029132843,0.24164757132530212,0.04397602006793022,0.9999335408210754,0.4164796769618988,0.2847215533256531,-0.15117153525352478,0.9999958276748657,0.3988111913204193,0.2874591648578644,-0.10229518264532089,0.9999831914901733,0.5024341344833374,0.3293524980545044,-0.18505549430847168,0.9999990463256836,0.40173783898353577,0.3681855797767639,0.2368578463792801,0.999694287776947,0.6318012475967407,0.4588628113269806,-0.2137029618024826,0.9998095631599426,0.3904818296432495,0.5519508719444275,0.35530591011047363,0.6373945474624634,0.6754773855209351,0.6322782635688782,-0.28104615211486816,0.9987941384315491,0.3483869135379791,0.7120800018310547,0.23687632381916046,0.8456771969795227,0.6931756138801575,0.6790373921394348,-0.3267548680305481,0.9954950213432312,0.33614301681518555,0.7586687207221985,0.2235654890537262,0.8194562196731567,0.6625471115112305,0.6903051733970642,-0.3513926863670349,0.9957741498947144,0.3361092209815979,0.7615395188331604,0.16260167956352234,0.8336637616157532,0.6513015031814575,0.6785293817520142,-0.2884921729564667,0.9947330951690674,0.34367355704307556,0.7469826936721802,0.20701949298381805,0.821608304977417,0.481818288564682,0.7085572481155396,-0.12331497669219971,0.9990744590759277,0.4137671887874603,0.712011992931366,0.12358931452035904,0.9960663914680481,0.4508853852748871,0.9650946259498596,-0.21935470402240753,0.7588556408882141,0.38670170307159424,0.9449403285980225,0.06924714148044586,0.4680667221546173,0.46078014373779297,1.201061487197876,-0.042836993932724,0.3477349579334259,0.3988721966743469,1.1704463958740234,0.23310275375843048,0.18034492433071136,0.48250946402549744,1.2346428632736206,-0.03135227411985397,0.3881088197231293,0.4149896204471588,1.2070033550262451,0.24495184421539307,0.29796096682548523,0.39642134308815,1.28925621509552,-0.1606181561946869,0.21396654844284058,0.34599289298057556,1.259778380393982,0.14404383301734924,0.13635621964931488,11.87,14.74,17.37,Wrong Position,1,0
1,0.3955739140510559,0.26382431387901306,-0.1674850583076477,0.9999889731407166,0.4067850708961487,0.2360045164823532,-0.17055276036262512,0.999976396560669,0.41470974683761597,0.23282410204410553,-0.17079772055149078,0.9999805092811584,0.42367926239967346,0.2293832004070282,-0.17106743156909943,0.9999851584434509,0.3902835249900818,0.23999913036823273,-0.13457097113132477,0.9999622702598572,0.3851154148578644,0.2406180053949356,-0.13432149589061737,0.9999499320983887,0.3802594542503357,0.24094268679618835,-0.13429328799247742,0.9999404549598694,0.4471064507961273,0.23253655433654785,-0.11889030784368515,0.9999935030937195,0.38773977756500244,0.24257326126098633,0.04511191323399544,0.9999386072158813,0.41336923837661743,0.28564003109931946,-0.14425669610500336,0.9999959468841553,0.395740807056427,0.2884024679660797,-0.09658001363277435,0.999984085559845,0.498812198638916,0.3306514024734497,-0.17876802384853363,0.9999990463256836,0.4012067914009094,0.3708387017250061,0.23233303427696228,0.9997125864028931,0.6297685503959656,0.45965665578842163,-0.20887383818626404,0.999793291091919,0.39040622115135193,0.5548391342163086,0.34180039167404175,0.6296799778938293,0.674229085445404,0.6332118511199951,-0.2785601019859314,0.9987016916275024,0.347985178232193,0.7170678973197937,0.22228065133094788,0.8386197090148926,0.6926842331886292,0.679694414138794,-0.32476091384887695,0.995254397392273,0.33547285199165344,0.7639294862747192,0.20858459174633026,0.8123612999916077,0.6623164415359497,0.6913430094718933,-0.34638887643814087,0.9955357313156128,0.33591610193252563,0.7670268416404724,0.14742374420166016,0.8265410661697388,0.6500580310821533,0.6785956621170044,-0.2850748598575592,0.9944621324539185,0.3435760736465454,0.7521312236785889,0.1925598829984665,0.8148509860038757,0.47985368967056274,0.7088227868080139,-0.12321052700281143,0.9990702867507935,0.41139525175094604,0.7154404520988464,0.12348882108926773,0.9960392117500305,0.4469227194786072,0.974883496761322,-0.2252727746963501,0.7508473992347717,0.3865160644054413,0.9461085796356201,0.06945358216762543,0.45742449164390564,0.4551509916782379,1.2078957557678223,-0.043925751000642776,0.3410319685935974,0.39877647161483765,1.1756341457366943,0.2477913349866867,0.17357447743415833,0.4761114716529846,1.240997552871704,-0.031031236052513123,0.38288822770118713,0.41501346230506897,1.2125529050827026,0.26136231422424316,0.2907506227493286,0.3958430886268616,1.298681616783142,-0.15875132381916046,0.21198931336402893,0.3467074930667877,1.2642021179199219,0.16362304985523224,0.13257265090942383,11.87,14.74,17.31,Wrong Position,1,0
1,0.3948080241680145,0.2642069458961487,-0.16510765254497528,0.9999895095825195,0.40579643845558167,0.23619835078716278,-0.16761334240436554,0.9999774098396301,0.41380754113197327,0.2327895611524582,-0.1678764373064041,0.9999813437461853,0.4227693974971771,0.22923041880130768,-0.16816823184490204,0.9999856948852539,0.3893967270851135,0.24050667881965637,-0.1315813660621643,0.9999644756317139,0.3842852711677551,0.24124613404273987,-0.1313409060239792,0.9999529719352722,0.3794793486595154,0.2416728138923645,-0.13131512701511383,0.9999440312385559,0.44627824425697327,0.23237834870815277,-0.11604739725589752,0.9999936819076538,0.3871535658836365,0.24313074350357056,0.04914610832929611,0.9999424815177917,0.41290372610092163,0.28579866886138916,-0.1421729326248169,0.9999960064888,0.39511817693710327,0.28901031613349915,-0.09422476589679718,0.9999845623970032,0.4983603060245514,0.3306843340396881,-0.175315722823143,0.9999990463256836,0.4010583460330963,0.3719576299190521,0.23291268944740295,0.9997270107269287,0.6298500299453735,0.45979005098342896,-0.21387696266174316,0.9997778534889221,0.3903988003730774,0.5553773045539856,0.34374818205833435,0.622925877571106,0.6742731332778931,0.6332752704620361,-0.29449164867401123,0.9986360669136047,0.3478368818759918,0.716303825378418,0.22828415036201477,0.835128128528595,0.6928015351295471,0.6796820163726807,-0.3408615291118622,0.9951105713844299,0.33525413274765015,0.7640550136566162,0.21563604474067688,0.8092607855796814,0.6623197197914124,0.6917067170143127,-0.3639279007911682,0.9953896403312683,0.33578431606292725,0.7670630812644958,0.15537184476852417,0.823173999786377,0.6500155925750732,0.678578794002533,-0.30162733793258667,0.9943070411682129,0.3435209095478058,0.7518406510353088,0.19900085031986237,0.8118518590927124,0.4790530800819397,0.7107793688774109,-0.12292059510946274,0.9990772008895874,0.41128435730934143,0.7176966071128845,0.12315753847360611,0.9960502982139587,0.4487091600894928,0.9806430339813232,-0.23156988620758057,0.7401262521743774,0.37527650594711304,0.9465711116790771,0.07504220306873322,0.4442361891269684,0.46388116478919983,1.2077445983886719,-0.04635513201355934,0.3300907015800476,0.39490845799446106,1.1757832765579224,0.2650926113128662,0.16548848152160645,0.48055630922317505,1.2387714385986328,-0.03234609588980675,0.3734973073005676,0.41163891553878784,1.2119803428649902,0.2798231244087219,0.27942779660224915,0.4128359258174896,1.3015084266662598,-0.15672191977500916,0.20640620589256287,0.3440346419811249,1.2652581930160522,0.17945408821105957,0.12719838321208954,11.87,14.74,17.3,Wrong Position,1,0
1,0.394977867603302,0.2649759352207184,-0.17236734926700592,0.9999898076057434,0.4058631956577301,0.2368871569633484,-0.17590108513832092,0.9999778866767883,0.4138053059577942,0.23333130776882172,-0.17616403102874756,0.9999818205833435,0.42290252447128296,0.22954155504703522,-0.17645731568336487,0.999985933303833,0.3892046809196472,0.24124614894390106,-0.1397770196199417,0.9999659657478333,0.3840879797935486,0.242094948887825,-0.13951212167739868,0.9999549984931946,0.3792295455932617,0.24271075427532196,-0.13949675858020782,0.9999462962150574,0.4461134374141693,0.23239091038703918,-0.12386767566204071,0.9999937415122986,0.38662853837013245,0.24408580362796783,0.042012784630060196,0.9999450445175171,0.4130341112613678,0.2862595319747925,-0.14868608117103577,0.9999959468841553,0.39494267106056213,0.2898235619068146,-0.10049432516098022,0.9999847412109375,0.4983854293823242,0.33061033487319946,-0.18086987733840942,0.9999990463256836,0.40105515718460083,0.37184110283851624,0.231202632188797,0.9997353553771973,0.630499005317688,0.45982903242111206,-0.20862706005573273,0.9997697472572327,0.3942134380340576,0.5550938844680786,0.34776198863983154,0.6123329401016235,0.6731674671173096,0.6343230605125427,-0.27243268489837646,0.9986122250556946,0.35329192876815796,0.7155563235282898,0.23238281905651093,0.8271172642707825,0.6919831037521362,0.6808679699897766,-0.31790679693222046,0.9950788617134094,0.3432437479496002,0.7603514194488525,0.22000274062156677,0.8016594648361206,0.6613591909408569,0.6928846836090088,-0.34174877405166626,0.995353102684021,0.3430422246456146,0.7621286511421204,0.158883199095726,0.8155472278594971,0.6483034491539001,0.6792271137237549,-0.27888792753219604,0.9942672252655029,0.34982094168663025,0.7473735809326172,0.20306327939033508,0.8044897317886353,0.48117122054100037,0.7120221257209778,-0.12239575386047363,0.9990499019622803,0.4114881455898285,0.7182980179786682,0.12265124171972275,0.9958861470222473,0.4508943557739258,0.9847267270088196,-0.23187299072742462,0.7356176972389221,0.37792158126831055,0.9485293626785278,0.07870523631572723,0.435476154088974,0.46528324484825134,1.211950659751892,-0.050802506506443024,0.322392076253891,0.3872339129447937,1.1774417161941528,0.27344852685928345,0.15899896621704102,0.48362651467323303,1.2433998584747314,-0.038457948714494705,0.36451882123947144,0.4031715989112854,1.2142119407653809,0.28824207186698914,0.270704060792923,0.4118736684322357,1.3057430982589722,-0.16451027989387512,0.20224572718143463,0.33460181951522827,1.266319751739502,0.18508782982826233,0.12294420599937439,11.87,14.74,17.48,Wrong Position,1,0
1,0.39611923694610596,0.26503780484199524,-0.17957398295402527,0.9999904036521912,0.40732789039611816,0.23740477859973907,-0.18702587485313416,0.9999793767929077,0.4151252210140228,0.23408058285713196,-0.1872270554304123,0.999983012676239,0.42409807443618774,0.23035487532615662,-0.18751193583011627,0.9999868273735046,0.39036476612091064,0.24139712750911713,-0.1487787961959839,0.9999684691429138,0.38462093472480774,0.2419094443321228,-0.14854049682617188,0.9999582767486572,0.3794664740562439,0.24236677587032318,-0.14849582314491272,0.9999502897262573,0.44700440764427185,0.23295126855373383,-0.1446910947561264,0.999994158744812,0.3891477882862091,0.2438068389892578,0.02769600786268711,0.9999494552612305,0.4138976037502289,0.2867914140224457,-0.16004039347171783,0.9999961853027344,0.39551660418510437,0.28976064920425415,-0.10940028727054596,0.9999856948852539,0.49859562516212463,0.33061715960502625,-0.19849473237991333,0.9999991059303284,0.41130703687667847,0.3641780614852905,0.2253067046403885,0.9997496008872986,0.6380070447921753,0.4591522216796875,-0.22837600111961365,0.9997827410697937,0.41306519508361816,0.5202074646949768,0.4188922941684723,0.5982334613800049,0.6732508540153503,0.6357933282852173,-0.3086158037185669,0.9986922740936279,0.3630918860435486,0.6453495025634766,0.39661306142807007,0.8318495154380798,0.6919366121292114,0.6839235424995422,-0.35573047399520874,0.995335578918457,0.34907540678977966,0.6771399974822998,0.39818429946899414,0.8074923157691956,0.6613292694091797,0.6938216090202332,-0.3772033154964447,0.9955958127975464,0.3486804664134979,0.671225905418396,0.3453618288040161,0.8206647634506226,0.6482933759689331,0.6795044541358948,-0.3143281042575836,0.9945776462554932,0.3568692207336426,0.66208815574646,0.3732946217060089,0.8097684979438782,0.4816204607486725,0.7196626663208008,-0.12236239016056061,0.9990838170051575,0.41771435737609863,0.7180784940719604,0.12262926250696182,0.9960521459579468,0.44626784324645996,0.9941844344139099,-0.2007887363433838,0.7246518135070801,0.3783823549747467,0.9490798115730286,0.0788009837269783,0.424139142036438,0.4680542051792145,1.2098363637924194,0.05298615247011185,0.31143638491630554,0.3875495493412018,1.1773079633712769,0.28680291771888733,0.152731254696846,0.48754334449768066,1.2345556020736694,0.076417937874794,0.35976192355155945,0.4087197780609131,1.212395429611206,0.3052685856819153,0.26229119300842285,0.41822418570518494,1.3056113719940186,-0.00615423358976841,0.19701996445655823,0.3366014361381531,1.2686270475387573,0.2286124974489212,0.11941706389188766,11.87,14.74,17.7,Wrong Position,1,0
1,0.39702650904655457,0.2650185823440552,-0.1766093373298645,0.9999908804893494,0.40787070989608765,0.23746326565742493,-0.18318140506744385,0.9999803900718689,0.4152836799621582,0.23423250019550323,-0.18338307738304138,0.9999837875366211,0.42434436082839966,0.23060965538024902,-0.1836642473936081,0.9999874234199524,0.3927058279514313,0.24126729369163513,-0.1444675326347351,0.9999703764915466,0.3883957266807556,0.2416367083787918,-0.14423562586307526,0.9999607801437378,0.38458743691444397,0.24196679890155792,-0.1442144811153412,0.9999534487724304,0.44911161065101624,0.23327632248401642,-0.1430911421775818,0.9999944567680359,0.3951612114906311,0.24360960721969604,0.033902861177921295,0.9999527335166931,0.41408973932266235,0.286861777305603,-0.1573576033115387,0.9999963641166687,0.39741188287734985,0.28956517577171326,-0.10577750205993652,0.9999864101409912,0.5016638040542603,0.33055514097213745,-0.19467109441757202,0.9999991059303284,0.4157959818840027,0.3642570674419403,0.22155721485614777,0.9997628331184387,0.6436788439750671,0.45710012316703796,-0.2293737232685089,0.9997897148132324,0.41475993394851685,0.5258271098136902,0.3811878561973572,0.5883896350860596,0.6737683415412903,0.6359375715255737,-0.3134666085243225,0.9987541437149048,0.3701414465904236,0.6605739593505859,0.30070286989212036,0.8327401876449585,0.692223310470581,0.6840677261352539,-0.3626174032688141,0.9955390095710754,0.3590492308139801,0.7009938359260559,0.29411646723747253,0.8086276650428772,0.6613331437110901,0.6936442255973816,-0.37645789980888367,0.9957799315452576,0.3593013882637024,0.6976928114891052,0.2311275452375412,0.8213985562324524,0.648350715637207,0.6785041093826294,-0.3160322606563568,0.9947829246520996,0.3657894432544708,0.6856288313865662,0.2719678282737732,0.8104729652404785,0.4824637770652771,0.7219317555427551,-0.11706916987895966,0.9990739226341248,0.41981086134910583,0.7186663150787354,0.11725416034460068,0.9961071610450745,0.4449149966239929,0.9920095205307007,-0.22722241282463074,0.7314544320106506,0.35116544365882874,0.9369508028030396,0.018377358093857765,0.4391164481639862,0.46852612495422363,1.183301568031311,0.09493844211101532,0.31108731031417847,0.3535936176776886,1.1718980073928833,0.2645585238933563,0.1601511538028717,0.4875534474849701,1.2020589113235474,0.12758201360702515,0.35893377661705017,0.3708469867706299,1.2041624784469604,0.28607767820358276,0.26644936203956604,0.4200808107852936,1.2836967706680298,0.053658753633499146,0.1963396817445755,0.30762502551078796,1.2673194408416748,0.20482702553272247,0.12263999134302139,11.87,14.74,17.66,Wrong Position,1,0
1,0.402414470911026,0.264904648065567,-0.18314824998378754,0.9999913573265076,0.41265439987182617,0.23725977540016174,-0.18978621065616608,0.9999813437461853,0.4193964898586273,0.23414629697799683,-0.190008282661438,0.9999845623970032,0.42788562178611755,0.23056696355342865,-0.19027704000473022,0.9999879598617554,0.3994187116622925,0.2408549189567566,-0.1524229198694229,0.9999721646308899,0.3956502377986908,0.24120289087295532,-0.15213392674922943,0.9999631643295288,0.39262133836746216,0.24150559306144714,-0.15212050080299377,0.9999562501907349,0.4531874656677246,0.2331928163766861,-0.14960673451423645,0.999994695186615,0.40370607376098633,0.24342139065265656,0.023070190101861954,0.9999558329582214,0.41853442788124084,0.28618618845939636,-0.16422304511070251,0.999996542930603,0.4027628004550934,0.28911668062210083,-0.11374662071466446,0.9999871253967285,0.5080520510673523,0.33051320910453796,-0.19620062410831451,0.9999991059303284,0.41774433851242065,0.36676713824272156,0.2034185379743576,0.9997684955596924,0.650568425655365,0.45604944229125977,-0.22998015582561493,0.9997900128364563,0.411496639251709,0.5451040267944336,0.3069089353084564,0.5859992504119873,0.6739665269851685,0.6358951330184937,-0.3058069348335266,0.9987954497337341,0.367469847202301,0.6978132724761963,0.20096147060394287,0.8355363011360168,0.6931416392326355,0.6840126514434814,-0.35479873418807983,0.9956721067428589,0.3546878695487976,0.7436658143997192,0.1854678988456726,0.8113419413566589,0.6613355278968811,0.6935036778450012,-0.36999693512916565,0.9958997368812561,0.35239824652671814,0.7433034777641296,0.12139187753200531,0.8239163756370544,0.6482342481613159,0.677832841873169,-0.30921149253845215,0.9949275851249695,0.36072030663490295,0.7311769127845764,0.1701623499393463,0.8138207197189331,0.48304539918899536,0.7225857973098755,-0.10770795494318008,0.9989350438117981,0.4179304540157318,0.7202696204185486,0.10799805074930191,0.9956674575805664,0.45069995522499084,0.9811217188835144,-0.22306755185127258,0.7388237118721008,0.3322455585002899,0.9385011792182922,0.013207179494202137,0.4627211093902588,0.4505001902580261,1.1919821500778198,0.06411661952733994,0.3106110394001007,0.34565091133117676,1.171000361442566,0.25922709703445435,0.16550204157829285,0.4614966809749603,1.2182804346084595,0.08765531331300735,0.35356611013412476,0.36330023407936096,1.20367431640625,0.28008970618247986,0.27087944746017456,0.4089195728302002,1.2877371311187744,-0.017486615106463432,0.19252927601337433,0.2953301668167114,1.265909194946289,0.191437229514122,0.12269675731658936,11.87,14.74,17.28,Wrong Position,1,0
1,0.4051341116428375,0.26458409428596497,-0.20015378296375275,0.9999918341636658,0.4152403473854065,0.2371613085269928,-0.20458658039569855,0.9999821186065674,0.42189449071884155,0.2339714616537094,-0.20481634140014648,0.9999851584434509,0.4303743243217468,0.23039916157722473,-0.20510828495025635,0.999988317489624,0.4016329348087311,0.24101532995700836,-0.16849380731582642,0.999973714351654,0.3983452022075653,0.24136635661125183,-0.1682269275188446,0.9999653100967407,0.39512985944747925,0.24175746738910675,-0.16821494698524475,0.9999587535858154,0.45581674575805664,0.23316062986850739,-0.1516365110874176,0.9999948740005493,0.40518718957901,0.24386028945446014,0.013870510272681713,0.9999586939811707,0.4217885434627533,0.2859005331993103,-0.17707228660583496,0.9999967217445374,0.405432790517807,0.28884848952293396,-0.1284666508436203,0.999987781047821,0.5142733454704285,0.32910099625587463,-0.1996275931596756,0.9999991059303284,0.4180624485015869,0.3699626326560974,0.19495297968387604,0.999778151512146,0.6541646122932434,0.45556509494781494,-0.23467235267162323,0.9997901320457458,0.4099879860877991,0.5612698197364807,0.28963708877563477,0.5955682992935181,0.6745620965957642,0.6360713839530945,-0.34726256132125854,0.9988269209861755,0.36554452776908875,0.7225748300552368,0.16390004754066467,0.8414272665977478,0.6932814121246338,0.6839555501937866,-0.4047456681728363,0.9957695007324219,0.34933844208717346,0.7696693539619446,0.14471809566020966,0.8165363669395447,0.66133052110672,0.6934927105903625,-0.4227178692817688,0.9959917664527893,0.348916620016098,0.7699183821678162,0.07882162928581238,0.8287078738212585,0.6481824517250061,0.67782062292099,-0.3528417944908142,0.9950248599052429,0.36007365584373474,0.7563163042068481,0.13255847990512848,0.8190886378288269,0.48511019349098206,0.7219810485839844,-0.10850795358419418,0.9988886117935181,0.41835957765579224,0.7200986742973328,0.1087905541062355,0.9955470561981201,0.45315274596214294,0.9799125790596008,-0.22509153187274933,0.7449315190315247,0.33516329526901245,0.9376161098480225,0.016577191650867462,0.48104432225227356,0.45235753059387207,1.2159652709960938,0.024254823103547096,0.3179129660129547,0.3462229073047638,1.1775362491607666,0.23821935057640076,0.1734575778245926,0.46505841612815857,1.2480988502502441,0.04135525971651077,0.3580636978149414,0.36417701840400696,1.2123243808746338,0.2551015615463257,0.2770995795726776,0.41190165281295776,1.307503581047058,-0.08846645057201385,0.19626501202583313,0.29372984170913696,1.271700143814087,0.1475074142217636,0.12583200633525848,11.87,14.74,17.56,Wrong Position,1,0
1,0.40798234939575195,0.2647053003311157,-0.20666983723640442,0.9999921321868896,0.4182125926017761,0.23747383058071136,-0.2108265608549118,0.9999828934669495,0.4252493381500244,0.2342349886894226,-0.2110643833875656,0.9999858140945435,0.4339907169342041,0.23053212463855743,-0.2113298922777176,0.9999887943267822,0.4038031995296478,0.24146141111850739,-0.17477993667125702,0.9999748468399048,0.4004603326320648,0.2418038696050644,-0.17454740405082703,0.9999666810035706,0.3966183066368103,0.24236556887626648,-0.17454680800437927,0.9999603629112244,0.45861658453941345,0.23309579491615295,-0.15611372888088226,0.9999951124191284,0.4056623578071594,0.2444687783718109,0.00875757820904255,0.9999605417251587,0.4254666268825531,0.2858368754386902,-0.18273386359214783,0.9999969005584717,0.4077304005622864,0.28894418478012085,-0.13465599715709686,0.9999883770942688,0.5193822383880615,0.3288298547267914,-0.20114107429981232,0.9999991655349731,0.418513685464859,0.3699719309806824,0.18532875180244446,0.9997860789299011,0.6578413248062134,0.45536327362060547,-0.23768028616905212,0.9997928738594055,0.40918999910354614,0.5596438646316528,0.2979653477668762,0.5895388722419739,0.674751877784729,0.6364707350730896,-0.3535969853401184,0.9988667964935303,0.36437779664993286,0.7216691374778748,0.17620103061199188,0.8435202836990356,0.6936441659927368,0.6847171187400818,-0.4100489020347595,0.9959041476249695,0.3484095335006714,0.7683005928993225,0.1608688086271286,0.8197948932647705,0.6615575551986694,0.6942563652992249,-0.4260488450527191,0.9961186051368713,0.3488280475139618,0.7678865790367126,0.09462304413318634,0.8315511345863342,0.6482495069503784,0.6780337691307068,-0.3581700623035431,0.9951733350753784,0.35997647047042847,0.7528206706047058,0.1451781839132309,0.8222679495811462,0.4853903353214264,0.723050057888031,-0.10768403112888336,0.9989309310913086,0.41834115982055664,0.7201171517372131,0.10794168710708618,0.9956623315811157,0.45026808977127075,0.9793307781219482,-0.2718249261379242,0.7523277997970581,0.32754385471343994,0.9247918725013733,-0.021105462685227394,0.4964543879032135,0.46090227365493774,1.1650663614273071,0.13297368586063385,0.30590707063674927,0.3572264313697815,1.1139063835144043,0.31805557012557983,0.16528010368347168,0.4751390814781189,1.1792100667953491,0.17427538335323334,0.34751665592193604,0.3750561475753784,1.1313986778259277,0.3561146855354309,0.26742663979530334,0.43582281470298767,1.2611281871795654,0.11808665096759796,0.18596799671649933,0.3005831837654114,1.2102941274642944,0.3150547444820404,0.11895500868558884,11.87,14.74,17.27,Wrong Position,1,0
1,0.4111901819705963,0.2636124789714813,-0.2945494055747986,0.9999904632568359,0.4216829240322113,0.2360883504152298,-0.2979837656021118,0.9999802708625793,0.42876237630844116,0.23238834738731384,-0.29812368750572205,0.9999828934669495,0.43738889694213867,0.22872623801231384,-0.2983751893043518,0.9999870657920837,0.4075564742088318,0.2407151311635971,-0.26029151678085327,0.9999715089797974,0.40439552068710327,0.24111758172512054,-0.26006612181663513,0.9999608993530273,0.40112024545669556,0.24165716767311096,-0.2600060701370239,0.9999551177024841,0.4625437259674072,0.2320917248725891,-0.24082131683826447,0.9999938011169434,0.41190919280052185,0.2431560903787613,-0.06722210347652435,0.9999551177024841,0.42887750267982483,0.28492751717567444,-0.2702239751815796,0.9999960064888,0.4119616448879242,0.2882709205150604,-0.21957358717918396,0.9999845623970032,0.520829975605011,0.32772356271743774,-0.295730322599411,0.999998927116394,0.4333159327507019,0.365967333316803,0.154897540807724,0.9997354745864868,0.6611628532409668,0.45227664709091187,-0.34959298372268677,0.9997862577438354,0.41872185468673706,0.5573387742042542,0.25403302907943726,0.5726706981658936,0.6763787865638733,0.636458158493042,-0.45536893606185913,0.9988558292388916,0.35432058572769165,0.6732580065727234,0.1200154647231102,0.8355061411857605,0.6939464807510376,0.6853667497634888,-0.5124499797821045,0.9958302974700928,0.3282844126224518,0.7054515480995178,0.10694260895252228,0.8105908036231995,0.6619940400123596,0.6941419839859009,-0.5252245664596558,0.9960642457008362,0.32041019201278687,0.6995836496353149,0.042459484189748764,0.8227198123931885,0.6490474939346313,0.677251935005188,-0.4592779576778412,0.9950942993164062,0.332398384809494,0.6908156871795654,0.08886288106441498,0.8133338093757629,0.48548442125320435,0.722646951675415,-0.1415170431137085,0.9989729523658752,0.42952123284339905,0.6970736980438232,0.14177705347537994,0.9959014654159546,0.33846205472946167,0.9125252366065979,-0.32400408387184143,0.7576239109039307,0.28985971212387085,0.7877737879753113,0.057374585419893265,0.5060840845108032,0.37284886837005615,1.0393316745758057,0.0998106598854065,0.29010748863220215,0.3348739743232727,0.9788554906845093,0.3036559820175171,0.16171245276927948,0.3982357382774353,1.0492756366729736,0.1446302980184555,0.34200721979141235,0.35532820224761963,1.0459723472595215,0.3331961929798126,0.261915385723114,0.3316769599914551,1.1208709478378296,0.16282282769680023,0.1786884069442749,0.281785786151886,1.1312617063522339,0.29144707322120667,0.11609260737895966,11.87,14.74,17.33,Wrong Position,1,0
1,0.4178776144981384,0.26337888836860657,-0.2718464732170105,0.9999802112579346,0.4291025996208191,0.23604737222194672,-0.27484384179115295,0.999960720539093,0.4362978935241699,0.23227426409721375,-0.27502530813217163,0.999963104724884,0.4452432096004486,0.22854900360107422,-0.27529558539390564,0.9999766945838928,0.41517019271850586,0.2406747043132782,-0.2379699945449829,0.9999527335166931,0.4121973514556885,0.24103637039661407,-0.23772720992565155,0.9999289512634277,0.40962082147598267,0.24144572019577026,-0.23768413066864014,0.9999216794967651,0.470926433801651,0.23200155794620514,-0.21973414719104767,0.9999869465827942,0.4219053387641907,0.24241061508655548,-0.047956161201000214,0.9999096393585205,0.43461570143699646,0.28478583693504333,-0.24672754108905792,0.9999884963035583,0.41926413774490356,0.2881862223148346,-0.19746291637420654,0.9999580383300781,0.5258780121803284,0.3273152709007263,-0.27191877365112305,0.9999983310699463,0.4476703703403473,0.35945793986320496,0.1914675533771515,0.9994970560073853,0.664699137210846,0.4493282735347748,-0.337397038936615,0.9997813105583191,0.4231235980987549,0.5311537384986877,0.3277309536933899,0.5215717554092407,0.6776976585388184,0.6358833909034729,-0.413718044757843,0.9987698793411255,0.35166093707084656,0.6273075342178345,0.20372168719768524,0.7692978382110596,0.693697988986969,0.6853802800178528,-0.48812785744667053,0.9954726099967957,0.3258345127105713,0.6612786650657654,0.1965763121843338,0.7488871812820435,0.6619973182678223,0.6938503980636597,-0.5140356421470642,0.9956963658332825,0.31048524379730225,0.6265909075737,0.12797650694847107,0.7607797980308533,0.6492432355880737,0.6763486862182617,-0.41998815536499023,0.9945343732833862,0.32680508494377136,0.6234912276268005,0.16880349814891815,0.7535250782966614,0.4914839267730713,0.7100592255592346,-0.1433964967727661,0.9989863634109497,0.4362223148345947,0.6738779544830322,0.1437842696905136,0.9962148070335388,0.38525670766830444,0.9122594594955444,-0.23281538486480713,0.7787399888038635,0.27681952714920044,0.6586418151855469,-0.13886918127536774,0.5472853183746338,0.4093170762062073,1.0232936143875122,0.1268494874238968,0.3313193917274475,0.2993990480899811,0.9097774624824524,0.014573152177035809,0.2194787859916687,0.43020230531692505,1.0347002744674683,0.1622784286737442,0.37342187762260437,0.3298914432525635,0.9557927846908569,0.02630654349923134,0.31627780199050903,0.3680483400821686,1.1011189222335815,0.11466797441244125,0.2121138721704483,0.22230024635791779,0.990079939365387,-0.03620319813489914,0.16785341501235962,11.87,14.74,17.27,Wrong Position,1,0
1,0.429806649684906,0.2627003788948059,-0.30786430835723877,0.9999758005142212,0.4412361681461334,0.23577894270420074,-0.3085257112979889,0.9999538660049438,0.448681503534317,0.23213410377502441,-0.30869540572166443,0.9999551177024841,0.4576031565666199,0.2284332662820816,-0.3089556097984314,0.9999728202819824,0.42823734879493713,0.23974744975566864,-0.27427437901496887,0.9999467730522156,0.4248437285423279,0.23988336324691772,-0.2740982174873352,0.9999170303344727,0.42189890146255493,0.23996789753437042,-0.27397698163986206,0.9999101161956787,0.48287397623062134,0.23196984827518463,-0.23950281739234924,0.9999840259552002,0.43464499711990356,0.24063968658447266,-0.07993307709693909,0.999893844127655,0.44478172063827515,0.284271776676178,-0.27818307280540466,0.9999851584434509,0.4304521083831787,0.2874009311199188,-0.2318802773952484,0.9999462962150574,0.5324429869651794,0.32759344577789307,-0.2940189838409424,0.9999978542327881,0.4598463177680969,0.3506135642528534,0.18890704214572906,0.9993088841438293,0.6725578308105469,0.4432350993156433,-0.3533861041069031,0.9997901320457458,0.4439438283443451,0.5006006360054016,0.3760547339916229,0.4778141379356384,0.678356945514679,0.634857177734375,-0.43466219305992126,0.9988023638725281,0.3697740137577057,0.5754120349884033,0.3189677596092224,0.7263062596321106,0.6935723423957825,0.6858617067337036,-0.48733997344970703,0.9955342411994934,0.34842705726623535,0.5941174626350403,0.31955617666244507,0.710493266582489,0.661952793598175,0.6935908198356628,-0.5069683194160461,0.9957563281059265,0.3285807967185974,0.5860263705253601,0.254951536655426,0.722351610660553,0.6492887735366821,0.6752755641937256,-0.43974193930625916,0.9945687651634216,0.34283867478370667,0.5819857120513916,0.2894313335418701,0.7155507802963257,0.49136146903038025,0.7036144137382507,-0.15204302966594696,0.9989905953407288,0.44221797585487366,0.6595003008842468,0.15241707861423492,0.9964432120323181,0.37047991156578064,0.8826971054077148,-0.23716683685779572,0.7970839738845825,0.27567341923713684,0.6565267443656921,-0.07842787355184555,0.581558108329773,0.3928125500679016,0.9967358112335205,0.10092116892337799,0.369074285030365,0.2970462739467621,0.903293251991272,0.07643211632966995,0.26336967945098877,0.41510987281799316,1.008072018623352,0.13590261340141296,0.4086625874042511,0.3291889727115631,0.9468945264816284,0.08738970756530762,0.36095431447029114,0.3512861430644989,1.0775271654129028,0.11011970043182373,0.24818986654281616,0.22289863228797913,0.978388786315918,0.04250960797071457,0.2080855816602707,11.87,14.74,17.39,Wrong Position,1,0
1,0.436804860830307,0.2626439929008484,-0.28493377566337585,0.9999741315841675,0.44870057702064514,0.2357165515422821,-0.27822479605674744,0.9999513626098633,0.4558386206626892,0.2323608547449112,-0.27843406796455383,0.9999515414237976,0.4643173813819885,0.2288677990436554,-0.27859434485435486,0.999971330165863,0.43522128462791443,0.2397109717130661,-0.24645087122917175,0.999945342540741,0.4322238564491272,0.23974861204624176,-0.24631695449352264,0.9999130368232727,0.42951932549476624,0.23974807560443878,-0.24610576033592224,0.9999070763587952,0.4897623062133789,0.2323363572359085,-0.20751897990703583,0.9999825954437256,0.44122520089149475,0.24052399396896362,-0.05150122568011284,0.9998871088027954,0.45183897018432617,0.2842210531234741,-0.25634709000587463,0.9999839067459106,0.4377102851867676,0.2873230576515198,-0.21234090626239777,0.999943196773529,0.538395345211029,0.3275271952152252,-0.28188320994377136,0.9999978542327881,0.4653034210205078,0.35105380415916443,0.20978236198425293,0.9992983341217041,0.6753513813018799,0.443623811006546,-0.32815128564834595,0.9997866153717041,0.4366956651210785,0.5095307230949402,0.3687804043292999,0.4443381428718567,0.6791595816612244,0.6350332498550415,-0.4145330488681793,0.9987865686416626,0.3598112463951111,0.5893844962120056,0.27046066522598267,0.6956813931465149,0.693578839302063,0.6864417791366577,-0.4650575518608093,0.9954355955123901,0.3324885070323944,0.6173526644706726,0.2649935781955719,0.6802595853805542,0.6616499423980713,0.6934808492660522,-0.4840482771396637,0.9956507086753845,0.3062340319156647,0.5925819277763367,0.1993543654680252,0.6927087903022766,0.6493040323257446,0.6750451922416687,-0.41943269968032837,0.9943713545799255,0.3216794431209564,0.587844967842102,0.23945149779319763,0.6869333386421204,0.4931100904941559,0.7042512893676758,-0.1482759416103363,0.999053955078125,0.44478344917297363,0.6622848510742188,0.14863479137420654,0.9967540502548218,0.37852993607521057,0.8432883620262146,-0.23341894149780273,0.8141365051269531,0.28698253631591797,0.6079283952713013,-0.06995721161365509,0.6120954751968384,0.4027338922023773,0.9462030529975891,0.09566593170166016,0.3986123204231262,0.2821868062019348,0.8443271517753601,0.01590522937476635,0.3049994707107544,0.42417725920677185,0.9573518633842468,0.13001276552677155,0.43440577387809753,0.3106355667114258,0.9007985591888428,0.020486831665039062,0.40294912457466125,0.36337408423423767,1.0167709589004517,0.10518834739923477,0.27573609352111816,0.19507142901420593,0.9040754437446594,-0.02696840837597847,0.24798579514026642,11.87,14.74,16.33,Wrong Position,1,0
1,0.44453033804893494,0.26206257939338684,-0.25455695390701294,0.9999704957008362,0.45765846967697144,0.23564663529396057,-0.24788621068000793,0.9999440908432007,0.46491703391075134,0.23250222206115723,-0.24809901416301727,0.9999426007270813,0.4736229479312897,0.2294919341802597,-0.24833068251609802,0.9999665021896362,0.4431246817111969,0.2391393482685089,-0.21641361713409424,0.9999401569366455,0.44023066759109497,0.23905423283576965,-0.21622225642204285,0.9999036192893982,0.4373253285884857,0.23898100852966309,-0.21604779362678528,0.9998980164527893,0.4984988570213318,0.2341032475233078,-0.17604246735572815,0.9999784827232361,0.44732865691185,0.24051529169082642,-0.02170165814459324,0.999872088432312,0.459278404712677,0.2841479182243347,-0.22526197135448456,0.9999809265136719,0.44378405809402466,0.28714269399642944,-0.18150544166564941,0.999936580657959,0.5437425971031189,0.32791897654533386,-0.244346022605896,0.9999977350234985,0.463947594165802,0.3514983355998993,0.22746412456035614,0.9992667436599731,0.6809385418891907,0.44391298294067383,-0.3212049603462219,0.9997807145118713,0.4353249967098236,0.513579785823822,0.38133248686790466,0.42057812213897705,0.6799326539039612,0.6350324749946594,-0.40703660249710083,0.9987695217132568,0.3360622525215149,0.5792837738990784,0.26259905099868774,0.6874073147773743,0.6933029890060425,0.6868395209312439,-0.46319928765296936,0.995337188243866,0.29853394627571106,0.5957423448562622,0.25307080149650574,0.6718450784683228,0.6611227989196777,0.6928253769874573,-0.4753590524196625,0.9955491423606873,0.2875576615333557,0.5766804814338684,0.18842966854572296,0.6845861673355103,0.6492753028869629,0.6739552021026611,-0.4109358787536621,0.9942135214805603,0.3039289712905884,0.5724396109580994,0.23141738772392273,0.6783646941184998,0.4919436573982239,0.705824077129364,-0.14674393832683563,0.9991016387939453,0.44280847907066345,0.6688416600227356,0.14701998233795166,0.9970275163650513,0.3858911097049713,0.8621919751167297,-0.21539564430713654,0.8294440507888794,0.2858491539955139,0.57966548204422,-0.0788361132144928,0.6400850415229797,0.4066695272922516,0.9645845293998718,0.1283010095357895,0.4211404025554657,0.2699264883995056,0.8240072727203369,0.004531758837401867,0.34206414222717285,0.4274945855140686,0.977423906326294,0.16478565335273743,0.4512185752391815,0.3047986328601837,0.8937895894050598,0.009057842195034027,0.44043731689453125,0.36212319135665894,1.0298210382461548,0.13766932487487793,0.29284390807151794,0.1725107580423355,0.8824760913848877,-0.03903893381357193,0.2828844487667084,11.87,14.74,16.02,Wrong Position,1,0
1,0.4478510916233063,0.2618865370750427,-0.24229088425636292,0.9999673962593079,0.4606929421424866,0.23558610677719116,-0.23586472868919373,0.9999376535415649,0.46832484006881714,0.23274579644203186,-0.23608393967151642,0.9999352693557739,0.4772395193576813,0.23009684681892395,-0.23636376857757568,0.9999620914459229,0.4452598989009857,0.23911245167255402,-0.20457828044891357,0.9999353885650635,0.4412349760532379,0.23901885747909546,-0.20434394478797913,0.9998961091041565,0.43716272711753845,0.23895488679409027,-0.20419815182685852,0.9998904466629028,0.5013625621795654,0.23472149670124054,-0.1581580638885498,0.9999753832817078,0.446291983127594,0.2406686246395111,-0.004930099006742239,0.9998608827590942,0.46372079849243164,0.2841731011867523,-0.21036486327648163,0.999978244304657,0.44614917039871216,0.2871533930301666,-0.16649200022220612,0.999930739402771,0.5466006994247437,0.32834914326667786,-0.21826501190662384,0.9999977350234985,0.46123266220092773,0.3516121506690979,0.2407318353652954,0.9992424845695496,0.6835387349128723,0.4437052011489868,-0.302030473947525,0.9997759461402893,0.42103973031044006,0.5167309641838074,0.40290871262550354,0.3996497690677643,0.6804338097572327,0.6345824003219604,-0.4048609733581543,0.9987334609031677,0.3188379108905792,0.5774984955787659,0.28440749645233154,0.6821845769882202,0.6931901574134827,0.6868261098861694,-0.45142704248428345,0.9951605796813965,0.28507131338119507,0.5911996960639954,0.2757567763328552,0.6671071648597717,0.6610985994338989,0.6913489103317261,-0.47490254044532776,0.9953740239143372,0.27775341272354126,0.5757521390914917,0.21124255657196045,0.6799770593643188,0.6493890881538391,0.672634482383728,-0.40855932235717773,0.9939723014831543,0.29208022356033325,0.5725657939910889,0.2536346912384033,0.6733081936836243,0.48986896872520447,0.7063677906990051,-0.14735226333141327,0.999163031578064,0.44241446256637573,0.6722373366355896,0.14757408201694489,0.99728924036026,0.38856908679008484,0.8814234137535095,-0.2297135591506958,0.8449109792709351,0.27812013030052185,0.5777361392974854,-0.10397835820913315,0.6669609546661377,0.4117245674133301,0.9859035015106201,0.11564593017101288,0.45383787155151367,0.2744847238063812,0.8268338441848755,-0.0008714008145034313,0.38292887806892395,0.4324466288089752,0.9937889575958252,0.15320254862308502,0.4762493669986725,0.3078926205635071,0.8894129395484924,0.00585967069491744,0.47853443026542664,0.367378830909729,1.0639407634735107,0.11768622696399689,0.31880706548690796,0.18190935254096985,0.8902111053466797,-0.04912678152322769,0.3209628760814667,11.87,14.74,16.02,Wrong Position,1,0
1,0.4554980397224426,0.26200610399246216,-0.21679671108722687,0.9999614357948303,0.4688107967376709,0.23657816648483276,-0.2123229056596756,0.9999273419380188,0.4762797951698303,0.23448367416858673,-0.21255981922149658,0.999923586845398,0.48507270216941833,0.2328384518623352,-0.21289841830730438,0.9999562501907349,0.4530356824398041,0.239619642496109,-0.17899595201015472,0.9999277591705322,0.4494820535182953,0.23966476321220398,-0.1787542998790741,0.999882698059082,0.4459546208381653,0.23965075612068176,-0.17862294614315033,0.9998766779899597,0.5088507533073425,0.2389192283153534,-0.14063531160354614,0.9999706149101257,0.45541825890541077,0.24235160648822784,0.019780825823545456,0.9998387098312378,0.4708293378353119,0.2852427661418915,-0.18720495700836182,0.9999730587005615,0.453812837600708,0.2880606949329376,-0.14086148142814636,0.9999174475669861,0.5547052621841431,0.32969993352890015,-0.19823940098285675,0.9999975562095642,0.4632388651371002,0.3543981611728668,0.2543641924858093,0.9991648197174072,0.6889259219169617,0.4438704550266266,-0.26255252957344055,0.9997562170028687,0.4207579493522644,0.5143094658851624,0.4094577431678772,0.3693249225616455,0.6809858679771423,0.634672999382019,-0.32182928919792175,0.9985950589179993,0.3255889415740967,0.5891456604003906,0.28899967670440674,0.645086407661438,0.6930550336837769,0.6872683763504028,-0.3619641065597534,0.9946555495262146,0.29670828580856323,0.6150721311569214,0.2784993350505829,0.6326099038124084,0.660749614238739,0.6907811760902405,-0.38674408197402954,0.99485182762146,0.27973610162734985,0.6035154461860657,0.21435412764549255,0.6453368663787842,0.649381160736084,0.6722711324691772,-0.32835257053375244,0.9932370781898499,0.3005785644054413,0.598587155342102,0.25758126378059387,0.6401695609092712,0.487762987613678,0.7068188786506653,-0.14575211703777313,0.9992239475250244,0.44152721762657166,0.6714982986450195,0.14598333835601807,0.9975298643112183,0.39177265763282776,0.8877901434898376,-0.2274806946516037,0.8587920665740967,0.2711181938648224,0.5710172653198242,-0.10481486469507217,0.6918687224388123,0.40861743688583374,0.9843789935112,0.11674287170171738,0.4863927364349365,0.2694086730480194,0.8142144680023193,0.016663171350955963,0.42188090085983276,0.4290778636932373,0.9955111742019653,0.15309332311153412,0.4976061284542084,0.3040456175804138,0.8788391947746277,0.02462070807814598,0.5118380784988403,0.3570289611816406,1.0503326654434204,0.10677137225866318,0.34566330909729004,0.17410796880722046,0.874616801738739,-0.03274744376540184,0.3567945659160614,11.87,14.74,15.39,Wrong Position,1,0
2,0.45825275778770447,0.26229557394981384,-0.2050154209136963,0.9999607801437378,0.4717279374599457,0.23725292086601257,-0.2037915736436844,0.9999272227287292,0.4798583984375,0.23540176451206207,-0.203936368227005,0.9999241828918457,0.4885765612125397,0.234147310256958,-0.2041722983121872,0.9999561905860901,0.45439839363098145,0.24051573872566223,-0.17255310714244843,0.9999279975891113,0.4496614933013916,0.24058587849140167,-0.1723516285419464,0.9998831152915955,0.445016086101532,0.24059772491455078,-0.17220935225486755,0.9998763203620911,0.5107301473617554,0.24130970239639282,-0.13543318212032318,0.9999704360961914,0.4521797299385071,0.24376147985458374,0.016351839527487755,0.9998410940170288,0.4736395478248596,0.2866588532924652,-0.17702260613441467,0.9999735355377197,0.45478349924087524,0.28974562883377075,-0.13307708501815796,0.9999191164970398,0.5535839796066284,0.332107275724411,-0.1951882392168045,0.999997615814209,0.4599219858646393,0.36081811785697937,0.24021992087364197,0.9991422295570374,0.6896439790725708,0.4472056031227112,-0.27031320333480835,0.9997422099113464,0.41206878423690796,0.5270130038261414,0.39164644479751587,0.3628173768520355,0.6815341711044312,0.6354621052742004,-0.32846754789352417,0.9985101222991943,0.3033507466316223,0.5798113346099854,0.2748182415962219,0.6506986021995544,0.6930549144744873,0.6890296936035156,-0.38875553011894226,0.9943772554397583,0.26658862829208374,0.5925722718238831,0.2661297917366028,0.6372098326683044,0.6607639193534851,0.6909516453742981,-0.40258756279945374,0.9946137070655823,0.26633596420288086,0.5763311982154846,0.20530888438224792,0.6501126289367676,0.6497825980186462,0.6724947094917297,-0.3397945165634155,0.9930889010429382,0.2819303274154663,0.5731281042098999,0.2447119653224945,0.6447839140892029,0.47501593828201294,0.7137987017631531,-0.14586609601974487,0.9992437958717346,0.4340783655643463,0.676853358745575,0.14603948593139648,0.9975876212120056,0.3515189290046692,0.7206260561943054,-0.2932850420475006,0.8682956695556641,0.26974987983703613,0.5584613084793091,0.07422813773155212,0.7021414637565613,0.31084632873535156,0.8541653156280518,-0.09176609665155411,0.5086545944213867,0.2641526758670807,0.7975027561187744,0.05147124081850052,0.43553969264030457,0.3311992287635803,0.8772318959236145,-0.06465093791484833,0.5208781957626343,0.2998884320259094,0.8616252541542053,0.0728723406791687,0.5272536873817444,0.2313857078552246,0.9032843708992004,-0.060820095241069794,0.3722667098045349,0.1737455427646637,0.8663613200187683,0.028834238648414612,0.37252935767173767,11.87,14.74,14.68,Correct Position,1,0
1,0.45968976616859436,0.2627144455909729,-0.16194108128547668,0.999962329864502,0.47333240509033203,0.2377534657716751,-0.15999814867973328,0.9999313950538635,0.48156243562698364,0.23603804409503937,-0.16009856760501862,0.9999289512634277,0.49008145928382874,0.2349756807088852,-0.16029143333435059,0.9999587535858154,0.4555937647819519,0.2410658746957779,-0.13087497651576996,0.9999318718910217,0.4503057599067688,0.24110649526119232,-0.13070113956928253,0.999889612197876,0.44552192091941833,0.24111057817935944,-0.13054785132408142,0.9998829960823059,0.5120640397071838,0.24284331500530243,-0.08998696506023407,0.9999720454216003,0.4517487585544586,0.24453896284103394,0.0530724935233593,0.9998500943183899,0.4746820032596588,0.2877552807331085,-0.1339515596628189,0.9999751448631287,0.455645889043808,0.291276752948761,-0.09229715168476105,0.9999234676361084,0.5535352230072021,0.33327627182006836,-0.14811773598194122,0.9999977350234985,0.4584668278694153,0.368123859167099,0.2636168897151947,0.9991517066955566,0.6901665329933167,0.44575974345207214,-0.23508957028388977,0.9997309446334839,0.4066738188266754,0.5270347595214844,0.4245074391365051,0.3507615327835083,0.682598352432251,0.6354743838310242,-0.33273106813430786,0.9984566569328308,0.3053281009197235,0.5699179768562317,0.329681396484375,0.6515045762062073,0.6932310461997986,0.6894049048423767,-0.3725197911262512,0.9942012429237366,0.27247029542922974,0.5767422914505005,0.32363811135292053,0.6381976008415222,0.6607819199562073,0.6906102299690247,-0.3975626230239868,0.9944745302200317,0.27152150869369507,0.5588849186897278,0.2640760540962219,0.6514792442321777,0.6500287055969238,0.6724145412445068,-0.34229058027267456,0.9930383563041687,0.28539714217185974,0.5562805533409119,0.3009350299835205,0.6463103890419006,0.47524532675743103,0.7138404846191406,-0.14570315182209015,0.9992747902870178,0.43138664960861206,0.6793340444564819,0.14581580460071564,0.9976295232772827,0.3074171245098114,0.5597550868988037,-0.27866655588150024,0.8768752217292786,0.2754015624523163,0.5523309111595154,0.11045379936695099,0.7033310532569885,0.2839088439941406,0.7967996597290039,-0.1430784910917282,0.5412936210632324,0.26005804538726807,0.7943189144134521,0.06508173793554306,0.4466559886932373,0.3074542284011841,0.8449979424476624,-0.12374700605869293,0.5494509339332581,0.28890475630760193,0.8562972545623779,0.0642753392457962,0.5348232388496399,0.1994258463382721,0.8580165505409241,-0.13438227772712708,0.4103204011917114,0.1557137668132782,0.8488839268684387,0.02220321260392666,0.38858336210250854,11.87,14.74,14.92,Wrong Position,1,0
1,0.459204763174057,0.2627233862876892,-0.18233662843704224,0.9999599456787109,0.4728314280509949,0.2377682328224182,-0.17833657562732697,0.9999278783798218,0.48119044303894043,0.23606428503990173,-0.17853444814682007,0.9999247193336487,0.48930197954177856,0.23501601815223694,-0.17881056666374207,0.9999562501907349,0.4546176493167877,0.24109821021556854,-0.14799514412879944,0.9999297261238098,0.4493170380592346,0.24115252494812012,-0.1477614939212799,0.9998858571052551,0.44487929344177246,0.24116459488868713,-0.14763687551021576,0.9998798370361328,0.511055588722229,0.24271546304225922,-0.10001013427972794,0.9999693632125854,0.4514748156070709,0.24457617104053497,0.04658166319131851,0.9998443126678467,0.47435909509658813,0.2877263128757477,-0.1511038839817047,0.9999719262123108,0.4557149410247803,0.2914719879627228,-0.10828255116939545,0.9999170303344727,0.5529817938804626,0.3331952393054962,-0.15089266002178192,0.9999977350234985,0.45956069231033325,0.3679087460041046,0.28102269768714905,0.9991572499275208,0.6891470551490784,0.4457818567752838,-0.23035423457622528,0.9997158050537109,0.40880918502807617,0.5254362225532532,0.4722234308719635,0.3275825083255768,0.6833021640777588,0.6354957222938538,-0.3346523344516754,0.9984023571014404,0.3063795566558838,0.5728273987770081,0.386118620634079,0.639571487903595,0.6933279633522034,0.6897923946380615,-0.3758585453033447,0.9939998984336853,0.2806393802165985,0.5788412094116211,0.3810172975063324,0.6294767260551453,0.6607738137245178,0.6901222467422485,-0.40260154008865356,0.9942713975906372,0.27916330099105835,0.5638278722763062,0.3178264796733856,0.6428523063659668,0.6500682830810547,0.6723286509513855,-0.3438981771469116,0.9927436709403992,0.2932470738887787,0.5589183568954468,0.35707974433898926,0.6375225186347961,0.4760527014732361,0.7142209410667419,-0.14517523348331451,0.9993261694908142,0.43008774518966675,0.6797339916229248,0.14529827237129211,0.9978435635566711,0.33095091581344604,0.7893249988555908,-0.20192459225654602,0.8874040246009827,0.2783490717411041,0.5416384339332581,-0.08112679421901703,0.7211679816246033,0.4222538471221924,0.8785684704780579,0.06517909467220306,0.5651198625564575,0.2703622877597809,0.7931119203567505,-0.05536966770887375,0.4752073585987091,0.450772225856781,0.8833326101303101,0.0955764651298523,0.5694960951805115,0.29989033937454224,0.8604906797409058,-0.05580752342939377,0.5635944604873657,0.38863077759742737,0.9816041588783264,0.07143895328044891,0.4276774525642395,0.1737789362668991,0.8581922054290771,-0.10578564554452896,0.41421133279800415,11.87,14.74,15.08,Wrong Position,1,0
1,0.45651975274086,0.2627008855342865,-0.1909293234348297,0.9999558925628662,0.4697454869747162,0.23775538802146912,-0.1868269443511963,0.9999203681945801,0.4780808985233307,0.23592939972877502,-0.18704545497894287,0.9999186396598816,0.48681312799453735,0.23483631014823914,-0.1873709261417389,0.9999524354934692,0.4540198743343353,0.24110189080238342,-0.15520137548446655,0.9999205470085144,0.4477299749851227,0.24117867648601532,-0.15496157109737396,0.999872624874115,0.442082941532135,0.24120332300662994,-0.15484952926635742,0.999866247177124,0.5102518796920776,0.24180246889591217,-0.11229221522808075,0.9999671578407288,0.44868358969688416,0.2447936236858368,0.04020136594772339,0.9998329281806946,0.4714478552341461,0.2875809073448181,-0.16063754260540009,0.999967634677887,0.4538509249687195,0.2916242480278015,-0.11636821180582047,0.9998956322669983,0.5520684719085693,0.3320869505405426,-0.16863827407360077,0.9999973773956299,0.45872265100479126,0.36815720796585083,0.2693629860877991,0.9988868236541748,0.6875851154327393,0.448623925447464,-0.24174253642559052,0.9997003674507141,0.40819302201271057,0.5257480144500732,0.3610789179801941,0.3124311566352844,0.6834633946418762,0.6355531215667725,-0.3380505442619324,0.9982485771179199,0.3132837414741516,0.6183542609214783,0.21731095016002655,0.6045998334884644,0.6934085488319397,0.6902646422386169,-0.38432058691978455,0.9934723973274231,0.2850165367126465,0.6548452973365784,0.19570361077785492,0.59613037109375,0.6607514023780823,0.6899492144584656,-0.40704646706581116,0.9937353730201721,0.28286492824554443,0.635819673538208,0.13393552601337433,0.6089718341827393,0.6500737071037292,0.6722145676612854,-0.3465205430984497,0.9919866323471069,0.29512134194374084,0.6289759874343872,0.1852184534072876,0.6056941151618958,0.4826022982597351,0.711730420589447,-0.14503584802150726,0.9992316365242004,0.43011218309402466,0.680407702922821,0.14523473381996155,0.9977219104766846,0.3947368264198303,0.9237882494926453,-0.27169090509414673,0.8959583044052124,0.2660137116909027,0.6055279970169067,-0.12044789642095566,0.7364509701728821,0.42320364713668823,1.0401570796966553,0.023419687524437904,0.5810803174972534,0.2822646498680115,0.8867785334587097,-0.01733364537358284,0.4827483892440796,0.4465048313140869,1.057418704032898,0.05456026643514633,0.5834023952484131,0.3207836151123047,0.9186429381370544,0.03442729264497757,0.5716534852981567,0.38224929571151733,1.1337664127349854,-0.010818662121891975,0.43546050786972046,0.18300826847553253,0.9703717827796936,-0.01691274344921112,0.41028523445129395,11.87,14.74,14.97,Wrong Position,1,0
1,0.4460502564907074,0.25538647174835205,-0.2757332921028137,0.999958872795105,0.4597814083099365,0.23011869192123413,-0.2768077850341797,0.9999237656593323,0.46875518560409546,0.22879822552204132,-0.2770578861236572,0.9999231696128845,0.477308988571167,0.22672516107559204,-0.2772783935070038,0.9999539852142334,0.43956422805786133,0.23264093697071075,-0.24343004822731018,0.9999223947525024,0.4329322278499603,0.23341578245162964,-0.24319227039813995,0.9998774528503418,0.4269208014011383,0.2341081202030182,-0.24316497147083282,0.9998693466186523,0.4952165186405182,0.23081821203231812,-0.2161368429660797,0.9999686479568481,0.43300795555114746,0.23966027796268463,-0.05536670610308647,0.999840497970581,0.4647948145866394,0.28071829676628113,-0.2503756880760193,0.9999702572822571,0.4415481686592102,0.28545433282852173,-0.20331773161888123,0.9999035596847534,0.5482890605926514,0.3301030695438385,-0.2168244570493698,0.9999974966049194,0.43797969818115234,0.36976683139801025,0.09915964305400848,0.998966634273529,0.6791378259658813,0.4494630694389343,-0.25547146797180176,0.9996830224990845,0.39149725437164307,0.5485494136810303,0.18013326823711395,0.3632867932319641,0.6828191876411438,0.6355524659156799,-0.38014695048332214,0.9982330799102783,0.31452518701553345,0.6887342929840088,0.05953145772218704,0.6383615136146545,0.6934249401092529,0.6901581883430481,-0.4320739805698395,0.9934603571891785,0.28801262378692627,0.7330296039581299,0.04313567653298378,0.6280285716056824,0.6605318188667297,0.6895876526832581,-0.45352572202682495,0.9937676191329956,0.28374746441841125,0.735966682434082,-0.02086520381271839,0.6402791142463684,0.6495761275291443,0.6722530722618103,-0.38654735684394836,0.9921088814735413,0.29666703939437866,0.7219898104667664,0.030337218195199966,0.6376211643218994,0.4818611741065979,0.7159091234207153,-0.10545434057712555,0.9989525675773621,0.4193243384361267,0.7007056474685669,0.10573896020650864,0.9961073398590088,0.4278550148010254,0.9730952382087708,-0.24246664345264435,0.8768649101257324,0.30832991003990173,0.8973668217658997,-0.0019840484019368887,0.7075322866439819,0.42947739362716675,1.1740554571151733,0.07744494825601578,0.549177885055542,0.3544987738132477,1.131838083267212,0.2666618824005127,0.44765159487724304,0.44466811418533325,1.2038544416427612,0.10313284397125244,0.5552569627761841,0.3730432987213135,1.1601861715316772,0.2918504774570465,0.5371681451797485,0.38929829001426697,1.25880765914917,-0.011122239753603935,0.4048233926296234,0.3139342665672302,1.2283955812454224,0.18885669112205505,0.37787455320358276,11.87,14.74,15.95,Wrong Position,1,0
1,0.42482486367225647,0.2500782608985901,-0.28293758630752563,0.9999605417251587,0.439037948846817,0.2250877171754837,-0.2779481112957001,0.999924898147583,0.4484287202358246,0.22410839796066284,-0.27821236848831177,0.9999262094497681,0.45646294951438904,0.222315713763237,-0.27844804525375366,0.9999545812606812,0.41832274198532104,0.22668695449829102,-0.24740159511566162,0.9999211430549622,0.4129226803779602,0.22759008407592773,-0.24719247221946716,0.9998779296875,0.4073103964328766,0.22861284017562866,-0.24712634086608887,0.999864399433136,0.4721425175666809,0.22715964913368225,-0.20048284530639648,0.9999697804450989,0.41249656677246094,0.23506923019886017,-0.051523108035326004,0.9998353123664856,0.4443514943122864,0.27596017718315125,-0.25142672657966614,0.9999723434448242,0.419489324092865,0.2791479825973511,-0.2083849161863327,0.9999092817306519,0.5351250767707825,0.33156511187553406,-0.2149924486875534,0.999997615814209,0.4077757000923157,0.36969175934791565,0.1136949434876442,0.9990274906158447,0.6564217209815979,0.4542418420314789,-0.2546430230140686,0.9996738433837891,0.3831544518470764,0.5484368205070496,0.24333059787750244,0.39214152097702026,0.6815393567085266,0.6359328627586365,-0.38816431164741516,0.9981764554977417,0.3308781087398529,0.7000671029090881,0.13888035714626312,0.6567568778991699,0.6933608055114746,0.6901468634605408,-0.4422433376312256,0.9933549165725708,0.31875550746917725,0.7454253435134888,0.12689943611621857,0.6443789601325989,0.6605240106582642,0.6895869970321655,-0.4654165804386139,0.9937059879302979,0.3196444809436798,0.7501162886619568,0.062072791159152985,0.6568753123283386,0.6494053602218628,0.6727604269981384,-0.39566001296043396,0.9921038150787354,0.3288092017173767,0.7335731983184814,0.1098080649971962,0.6546085476875305,0.48280787467956543,0.7147458791732788,-0.09656236320734024,0.9986147284507751,0.4107174873352051,0.7124531269073486,0.09692053496837616,0.9937882423400879,0.47825607657432556,0.9811536073684692,-0.23763656616210938,0.8530951738357544,0.3867851495742798,0.9435596466064453,0.061536431312561035,0.674045979976654,0.4765723645687103,1.1887781620025635,0.06488771736621857,0.5145809650421143,0.4071875512599945,1.1698756217956543,0.3092038035392761,0.4149772524833679,0.4884410798549652,1.2180403470993042,0.09234821796417236,0.518298327922821,0.4206680655479431,1.2000482082366943,0.32857829332351685,0.5041924118995667,0.4356011748313904,1.271931529045105,-0.07396426796913147,0.375102698802948,0.37481826543807983,1.2593520879745483,0.2006222903728485,0.3498073220252991,11.87,14.74,15.91,Wrong Position,1,0
